Chromosome,Start,End,Motif,Motif-family,Strand,Gene,Transcript,Annotation,Type,Mean Acc Short,Mean Acc Long,TTP,HuR,Auf1
chr9,63646805,63646811,AATAAA,AWTAAA,-,ENSMUSG00000032402,ENSMUST00000034973,Exon^3UTR,protein_coding,0.7405,0.6948,NA,NA,NA
chr9,63646885,63646890,TTTTT,WTTTW,-,ENSMUSG00000032402,ENSMUST00000034973,Exon^3UTR,protein_coding,0.5665,0.4507,NA,NA,NA
chr9,63646886,63646891,ATTTT,WTTTW,-,ENSMUSG00000032402,ENSMUST00000034973,Exon^3UTR,protein_coding,0.5645,0.4614,NA,NA,NA
chr9,63646892,63646897,TTTTA,WTTTW,-,ENSMUSG00000032402,ENSMUST00000034973,Exon^3UTR,protein_coding,0.532,0.4618,NA,NA,NA
chr9,63646901,63646908,TATTTAT,WWTTTWW,-,ENSMUSG00000032402,ENSMUST00000034973,Exon^3UTR,protein_coding,0.4988,0.4532,NA,NA,NA
chr9,63646902,63646907,ATTTA,ATTTA,-,ENSMUSG00000032402,ENSMUST00000034973,Exon^3UTR,protein_coding,0.5044,0.4618,NA,NA,NA
chr9,63647026,63647031,TTTTA,WTTTW,-,ENSMUSG00000032402,ENSMUST00000034973,Exon^3UTR,protein_coding,0.5321,0.4895,NA,NA,NA
chr9,63647198,63647205,TTTTTTT,WWTTTWW,-,ENSMUSG00000032402,ENSMUST00000034973,Exon^3UTR,protein_coding,0.5533,0.4063,NA,NA,NA
chr9,63647198,63647203,TTTTT,WTTTW,-,ENSMUSG00000032402,ENSMUST00000034973,Exon^3UTR,protein_coding,0.5616,0.4122,NA,NA,NA
chr9,63647199,63647204,TTTTT,WTTTW,-,ENSMUSG00000032402,ENSMUST00000034973,Exon^3UTR,protein_coding,0.5499,0.3997,NA,NA,NA
chr9,63647200,63647205,TTTTT,WTTTW,-,ENSMUSG00000032402,ENSMUST00000034973,Exon^3UTR,protein_coding,0.5382,0.3885,NA,NA,NA
chr9,63647303,63647310,TATTTAA,WWTTTWW,-,ENSMUSG00000032402,ENSMUST00000034973,Exon^3UTR,protein_coding,0.5181,0.4277,NA,NA,NA
chr9,63647304,63647309,ATTTA,ATTTA,-,ENSMUSG00000032402,ENSMUST00000034973,Exon^3UTR,protein_coding,0.508,0.4146,NA,NA,NA
chr9,63647344,63647351,TATTTAT,WWTTTWW,-,ENSMUSG00000032402,ENSMUST00000034973,Exon^3UTR,protein_coding,0.6491,0.4569,NA,NA,NA
chr9,63647345,63647350,ATTTA,ATTTA,-,ENSMUSG00000032402,ENSMUST00000034973,Exon^3UTR,protein_coding,0.6637,0.4667,NA,NA,NA
chr9,63647794,63647801,TTTTTAT,WWTTTWW,-,ENSMUSG00000032402,ENSMUST00000034973,Exon^3UTR,protein_coding,0.6006,0.4491,NA,NA,NA
chr9,63647795,63647800,TTTTA,WTTTW,-,ENSMUSG00000032402,ENSMUST00000034973,Exon^3UTR,protein_coding,0.6055,0.4379,NA,NA,NA
chr9,63647796,63647801,TTTTT,WTTTW,-,ENSMUSG00000032402,ENSMUST00000034973,Exon^3UTR,protein_coding,0.5959,0.437,NA,NA,NA
chr9,63647903,63647912,TTTTTTTTT,WWWTTTWWW,-,ENSMUSG00000032402,ENSMUST00000034973,Exon^3UTR,protein_coding,0.6275,0.4406,NA,NA,NA
chr9,63647903,63647910,TTTTTTT,WWTTTWW,-,ENSMUSG00000032402,ENSMUST00000034973,Exon^3UTR,protein_coding,0.6326,0.4484,NA,NA,NA
chr9,63647903,63647908,TTTTT,WTTTW,-,ENSMUSG00000032402,ENSMUST00000034973,Exon^3UTR,protein_coding,0.6376,0.4588,NA,NA,NA
chr9,63647904,63647911,TTTTTTT,WWTTTWW,-,ENSMUSG00000032402,ENSMUST00000034973,Exon^3UTR,protein_coding,0.6366,0.4474,NA,NA,NA
chr9,63647904,63647909,TTTTT,WTTTW,-,ENSMUSG00000032402,ENSMUST00000034973,Exon^3UTR,protein_coding,0.6438,0.4566,NA,NA,NA
chr9,63647905,63647912,TTTTTTT,WWTTTWW,-,ENSMUSG00000032402,ENSMUST00000034973,Exon^3UTR,protein_coding,0.6281,0.4354,NA,NA,NA
chr9,63647905,63647910,TTTTT,WTTTW,-,ENSMUSG00000032402,ENSMUST00000034973,Exon^3UTR,protein_coding,0.6334,0.4433,NA,NA,NA
chr9,63647906,63647911,TTTTT,WTTTW,-,ENSMUSG00000032402,ENSMUST00000034973,Exon^3UTR,protein_coding,0.6384,0.439,NA,NA,NA
chr9,63647907,63647912,TTTTT,WTTTW,-,ENSMUSG00000032402,ENSMUST00000034973,Exon^3UTR,protein_coding,0.6459,0.4375,NA,NA,NA
chr9,63648005,63648010,ATTTT,WTTTW,-,ENSMUSG00000032402,ENSMUST00000034973,Exon^3UTR,protein_coding,0.5233,0.4616,NA,NA,NA
chr9,63648279,63648284,TTTTA,WTTTW,-,ENSMUSG00000032402,ENSMUST00000034973,Exon^3UTR,protein_coding,0.5525,0.4259,NA,NA,NA
chr9,63649139,63649144,TTTTA,WTTTW,-,ENSMUSG00000032402,ENSMUST00000034973,Exon^3UTR,protein_coding,0.5066,0.3945,NA,NA,NA
chr9,63649335,63649340,TTTTA,WTTTW,-,ENSMUSG00000032402,ENSMUST00000034973,Exon^3UTR,protein_coding,0.5753,0.5079,NA,NA,NA
chr9,63649335,63649342,TTTTTTA,WWTTTWW,-,ENSMUSG00000032402,ENSMUST00000034973,Exon^3UTR,protein_coding,0.582,0.5139,NA,NA,NA
chr9,63649335,63649348,TAAAATTTTTTTA,WWWWWTTTWWWWW,-,ENSMUSG00000032402,ENSMUST00000034973,Exon^3UTR,protein_coding,0.5863,0.5006,NA,NA,NA
chr9,63649335,63649344,ATTTTTTTA,WWWTTTWWW,-,ENSMUSG00000032402,ENSMUST00000034973,Exon^3UTR,protein_coding,0.5983,0.5198,NA,NA,NA
chr9,63649335,63649346,AAATTTTTTTA,WWWWTTTWWWW,-,ENSMUSG00000032402,ENSMUST00000034973,Exon^3UTR,protein_coding,0.6013,0.5065,NA,NA,NA
chr9,63649336,63649341,TTTTT,WTTTW,-,ENSMUSG00000032402,ENSMUST00000034973,Exon^3UTR,protein_coding,0.5783,0.5133,NA,NA,NA
chr9,63649336,63649343,TTTTTTT,WWTTTWW,-,ENSMUSG00000032402,ENSMUST00000034973,Exon^3UTR,protein_coding,0.5913,0.525,NA,NA,NA
chr9,63649336,63649347,AAAATTTTTTT,WWWWTTTWWWW,-,ENSMUSG00000032402,ENSMUST00000034973,Exon^3UTR,protein_coding,0.5937,0.5086,NA,NA,NA
chr9,63649336,63649345,AATTTTTTT,WWWTTTWWW,-,ENSMUSG00000032402,ENSMUST00000034973,Exon^3UTR,protein_coding,0.6038,0.5198,NA,NA,NA
chr9,63649337,63649342,TTTTT,WTTTW,-,ENSMUSG00000032402,ENSMUST00000034973,Exon^3UTR,protein_coding,0.592,0.5294,NA,NA,NA
chr9,63649337,63649344,ATTTTTT,WWTTTWW,-,ENSMUSG00000032402,ENSMUST00000034973,Exon^3UTR,protein_coding,0.6087,0.5349,NA,NA,NA
chr9,63649337,63649346,AAATTTTTT,WWWTTTWWW,-,ENSMUSG00000032402,ENSMUST00000034973,Exon^3UTR,protein_coding,0.6113,0.5204,NA,NA,NA
chr9,63649338,63649343,TTTTT,WTTTW,-,ENSMUSG00000032402,ENSMUST00000034973,Exon^3UTR,protein_coding,0.6095,0.5419,NA,NA,NA
chr9,63649338,63649345,AATTTTT,WWTTTWW,-,ENSMUSG00000032402,ENSMUST00000034973,Exon^3UTR,protein_coding,0.6217,0.5357,NA,NA,NA
chr9,63649339,63649344,ATTTT,WTTTW,-,ENSMUSG00000032402,ENSMUST00000034973,Exon^3UTR,protein_coding,0.622,0.5386,NA,NA,NA
chr9,63649344,63649350,ATTAAA,AWTAAA,-,ENSMUSG00000032402,ENSMUST00000034973,Exon^3UTR,protein_coding,0.6095,0.5391,NA,NA,NA
chr9,63649425,63649430,GTTTG,NWWWN,-,ENSMUSG00000032402,ENSMUST00000034973,Exon^3UTR,protein_coding,0.4925,0.4217,NA,NA,NA
chr9,63649503,63649508,GTTTG,NWWWN,-,ENSMUSG00000032402,ENSMUST00000034973,Exon^3UTR,protein_coding,0.5447,0.4662,NA,NA,NA
chr9,63650096,63650101,ATTTA,ATTTA,-,ENSMUSG00000032402,ENSMUST00000034973,Exon^3UTR,protein_coding,0.606,0.5249,NA,NA,NA
